{
    "timestamp": "2025-06-29T21:16:52.908715",
    "model": "<class 'sklearn.dummy.DummyClassifier'>",
    "accuracy": 0.9987112288118944,
    "precision": 0.0,
    "recall": 0.0,
    "roc_auc": 0.5,
    "classification_report": {
        "0": {
            "precision": 0.9987112288118944,
            "recall": 1.0,
            "f1-score": 0.9993551989054108,
            "support": 127089.0
        },
        "1": {
            "precision": 0.0,
            "recall": 0.0,
            "f1-score": 0.0,
            "support": 164.0
        },
        "accuracy": 0.9987112288118944,
        "macro avg": {
            "precision": 0.4993556144059472,
            "recall": 0.5,
            "f1-score": 0.4996775994527054,
            "support": 127253.0
        },
        "weighted avg": {
            "precision": 0.9974241185549642,
            "recall": 0.9987112288118944,
            "f1-score": 0.998067258718378,
            "support": 127253.0
        }
    }
}